step,row_count,fraud_count,flagged_fraud_count,amount_sum,fraud_amount_sum,fraud_rate,fraud_per_10k,step_day,hour_of_day,period
1,2708,16,0,285429181.15,3740247.0100000002,0.005908419497784343,59.08419497784343,1,0,Ban đêm
2,1014,8,0,85921604.02,4186592.48,0.007889546351084813,78.89546351084813,1,1,Ban đêm
3,552,4,0,43293884.42,66832.74,0.007246376811594203,72.46376811594203,1,2,Ban đêm
4,565,10,0,72910028.57,26400274.9,0.017699115044247787,176.99115044247787,1,3,Ban đêm
5,665,6,0,45548089.75,381841.54,0.009022556390977444,90.22556390977444,1,4,Ban đêm
6,1660,22,0,164310551.22,974869.68,0.01325301204819277,132.5301204819277,1,5,Ban đêm
7,6837,12,0,832930814.24,12414694.06,0.0017551557700745941,17.551557700745942,1,6,Ban ngày
8,21097,12,0,3439602407.35,1589040.41,0.000568801251362753,5.6880125136275295,1,7,Ban ngày
9,37628,19,0,7008379239.43,11476630.219999999,0.0005049431274582757,5.049431274582757,1,8,Ban ngày
10,35991,11,0,7124214893.71,6935977.72,0.0003056319635464422,3.0563196354644218,1,9,Ban ngày
11,37241,7,0,7015066478.01,2589879.3600000003,0.0001879648774200478,1.879648774200478,1,10,Ban ngày
12,36153,14,0,6754284804.75,14576518.75,0.00038724310568970764,3.8724310568970766,1,11,Ban ngày
13,37515,14,0,6847540999.97,28794104.8,0.00037318405970944955,3.7318405970944957,1,12,Ban ngày
14,41485,12,0,6874186933.620001,17247375.5,0.0002892611787393034,2.892611787393034,1,13,Ban ngày
15,44609,20,0,7183723206.53,4648823.06,0.000448340021071981,4.48340021071981,1,14,Ban ngày
16,42471,10,0,6960084691.15,11763103.44,0.00023545478090932637,2.3545478090932637,1,15,Ban ngày
17,43361,7,0,7116325732.27,4323372.88,0.0001614353912502018,1.614353912502018,1,16,Ban ngày
18,49579,16,0,7255071578.26,10512215.64,0.0003227172794933339,3.227172794933339,1,17,Ban ngày
19,51352,11,0,7103846529.97,31410194.13,0.00021420782053279327,2.1420782053279326,1,18,Ban ngày
20,40625,4,0,5173930961.93,929279.76,9.846153846153846e-05,0.9846153846153847,1,19,Ban ngày
21,19152,5,0,2239833155.38,1910536.98,0.0002610693400167084,2.6106934001670843,1,20,Ban ngày
22,12635,23,0,1456148844.67,11429114.24,0.0018203403244954491,18.20340324495449,1,21,Ban ngày
23,6144,2,0,657117971.23,292254.2,0.0003255208333333333,3.255208333333333,1,22,Ban đêm
24,3216,6,0,392163044.05,2570053.96,0.0018656716417910447,18.65671641791045,1,23,Ban đêm
25,1598,18,0,190670809.59,8233325.96,0.011264080100125156,112.64080100125156,2,0,Ban đêm
26,440,12,0,53827747.85,6980314.9,0.02727272727272727,272.7272727272727,2,1,Ban đêm
27,41,8,0,10549062.83,5076953.26,0.1951219512195122,1951.219512195122,2,2,Ban đêm
28,4,4,0,8647152.219999999,8647152.219999999,1.0,10000.0,2,3,Ban đêm
29,4,4,0,1217680.46,1217680.46,1.0,10000.0,2,4,Ban đêm
30,8,8,0,975200.92,975200.92,1.0,10000.0,2,5,Ban đêm
31,12,12,0,12927128.040000001,12927128.040000001,1.0,10000.0,2,6,Ban ngày
32,12,12,0,9361820.08,9361820.08,1.0,10000.0,2,7,Ban ngày
33,23616,12,0,4235326534.63,62990086.160000004,0.0005081300813008131,5.081300813008131,2,8,Ban ngày
34,30904,22,0,5510123134.35,10074791.86,0.0007118819570282164,7.118819570282164,2,9,Ban ngày
35,29157,15,0,5295843667.35,28974163.02,0.000514456219775697,5.14456219775697,2,10,Ban ngày
36,39774,19,0,6832213559.91,12872293.770000001,0.00047769899934630664,4.776989993463067,2,11,Ban ngày
37,34000,13,0,5962020479.16,13887236.74,0.0003823529411764706,3.823529411764706,2,12,Ban ngày
38,31453,16,0,5242347779.469999,17970829.46,0.0005086955139414365,5.086955139414365,2,13,Ban ngày
39,23391,12,0,3777663323.28,20914856.86,0.0005130178273695011,5.130178273695011,2,14,Ban ngày
40,34270,14,0,5610763049.04,18491800.56,0.0004085205719288007,4.085205719288007,2,15,Ban ngày
41,36348,12,0,5788068602.39,13273124.9,0.0003301419610432486,3.301419610432486,2,16,Ban ngày
42,41304,14,0,6360574481.6,25926526.46,0.0003389502227387178,3.3895022273871778,2,17,Ban ngày
43,45060,13,0,6511754245.67,3982938.3500000006,0.00028850421660008875,2.8850421660008876,2,18,Ban ngày
44,38523,8,0,4830178103.07,5233198.54,0.00020766814630220908,2.0766814630220907,2,19,Ban ngày
45,18500,16,0,2159618105.61,38916438.66,0.0008648648648648649,8.64864864864865,2,20,Ban ngày
46,12445,14,0,1396954333.96,24867267.580000002,0.001124949779027722,11.24949779027722,2,21,Ban ngày
47,8681,21,0,896077856.93,11942126.209999999,0.0024190761433014627,24.19076143301463,2,22,Ban đêm
48,5693,10,0,540938538.75,15502430.100000001,0.001756543123133673,17.565431231336728,2,23,Ban đêm
49,764,4,0,54845905.75,2270293.72,0.005235602094240838,52.35602094240838,3,0,Ban đêm
50,6,6,0,3345118.94,3345118.94,1.0,10000.0,3,1,Ban đêm
51,14,14,0,8313333.94,8313333.94,1.0,10000.0,3,2,Ban đêm
52,8,8,0,19349931.92,19349931.92,1.0,10000.0,3,3,Ban đêm
53,10,10,0,12617901.54,12617901.54,1.0,10000.0,3,4,Ban đêm
54,4,4,0,3577598.3600000003,3577598.3600000003,1.0,10000.0,3,5,Ban đêm
55,12,12,0,4969150.82,4969150.82,1.0,10000.0,3,6,Ban ngày
56,18,18,0,21799570.76,21799570.76,1.0,10000.0,3,7,Ban ngày
57,6,6,0,3053734.92,3053734.92,1.0,10000.0,3,8,Ban ngày
58,20,20,0,40832628.86,40832628.86,1.0,10000.0,3,9,Ban ngày
59,20,20,0,25707837.72,25707837.72,1.0,10000.0,3,10,Ban ngày
60,12,12,0,5051824.6,5051824.6,1.0,10000.0,3,11,Ban ngày
61,14,14,0,10326374.76,10326374.76,1.0,10000.0,3,12,Ban ngày
62,8,8,0,4512316.5600000005,4512316.5600000005,1.0,10000.0,3,13,Ban ngày
63,8,8,0,4106789.76,4106789.76,1.0,10000.0,3,14,Ban ngày
64,18,18,0,14681327.959999999,14681327.959999999,1.0,10000.0,3,15,Ban ngày
65,20,20,0,16326827.82,16326827.82,1.0,10000.0,3,16,Ban ngày
66,24,24,0,43525991.12,43525991.12,1.0,10000.0,3,17,Ban ngày
67,6,6,0,2354600.56,2354600.56,1.0,10000.0,3,18,Ban ngày
68,18,18,0,29882358.080000002,29882358.080000002,1.0,10000.0,3,19,Ban ngày
69,20,20,0,41458369.28,41458369.28,1.0,10000.0,3,20,Ban ngày
70,6,6,0,2941247.94,2941247.94,1.0,10000.0,3,21,Ban ngày
71,20,20,0,13655351.44,13655351.44,1.0,10000.0,3,22,Ban đêm
72,14,14,0,59848379.22,59848379.22,1.0,10000.0,3,23,Ban đêm
73,8,8,0,2582474.42,2582474.42,1.0,10000.0,4,0,Ban đêm
74,22,22,0,33794195.06,33794195.06,1.0,10000.0,4,1,Ban đêm
75,8,8,0,5970615.06,5970615.06,1.0,10000.0,4,2,Ban đêm
76,4,4,0,4152727.08,4152727.08,1.0,10000.0,4,3,Ban đêm
77,10,10,0,35925500.0,35925500.0,1.0,10000.0,4,4,Ban đêm
78,10,10,0,11208144.9,11208144.9,1.0,10000.0,4,5,Ban đêm
79,10,10,0,6261606.14,6261606.14,1.0,10000.0,4,6,Ban ngày
80,10,10,0,2992622.6,2992622.6,1.0,10000.0,4,7,Ban ngày
81,10,10,0,10202118.94,10202118.94,1.0,10000.0,4,8,Ban ngày
82,10,10,0,35812474.28,35812474.28,1.0,10000.0,4,9,Ban ngày
83,12,12,0,10608310.4,10608310.4,1.0,10000.0,4,10,Ban ngày
84,16,16,0,36611285.98,36611285.98,1.0,10000.0,4,11,Ban ngày
85,14,14,0,25618937.119999997,25618937.119999997,1.0,10000.0,4,12,Ban ngày
86,18,18,0,53565564.56,53565564.56,1.0,10000.0,4,13,Ban ngày
87,6,6,0,2627321.58,2627321.58,1.0,10000.0,4,14,Ban ngày
88,8,8,0,34628042.4,34628042.4,1.0,10000.0,4,15,Ban ngày
89,6,6,0,2157581.12,2157581.12,1.0,10000.0,4,16,Ban ngày
90,16,16,0,20774510.34,20774510.34,1.0,10000.0,4,17,Ban ngày
91,8,8,0,4339885.1,4339885.1,1.0,10000.0,4,18,Ban ngày
92,10,10,0,3754118.7600000002,3754118.7600000002,1.0,10000.0,4,19,Ban ngày
93,4444,16,0,608142230.27,17239467.22,0.0036003600360036,36.003600360036,4,20,Ban ngày
94,10372,12,0,1286675245.1200001,14574168.34,0.0011569610489780178,11.569610489780178,4,21,Ban ngày
95,6858,14,0,853594039.56,26309623.619999997,0.002041411490230388,20.41411490230388,4,22,Ban đêm
96,6350,4,0,738547809.8,36535521.0,0.0006299212598425197,6.299212598425196,4,23,Ban đêm
97,685,10,0,74683514.7,10905909.48,0.014598540145985401,145.98540145985402,5,0,Ban đêm
98,14,14,0,12891419.98,12891419.98,1.0,10000.0,5,1,Ban đêm
99,8,8,0,13044113.8,13044113.8,1.0,10000.0,5,2,Ban đêm
100,6,6,0,3013658.28,3013658.28,1.0,10000.0,5,3,Ban đêm
101,12,12,0,12062241.02,12062241.02,1.0,10000.0,5,4,Ban đêm
102,12,12,0,6442999.619999999,6442999.619999999,1.0,10000.0,5,5,Ban đêm
103,8,8,0,5482907.76,5482907.76,1.0,10000.0,5,6,Ban ngày
104,14,14,0,7764539.0,7764539.0,1.0,10000.0,5,7,Ban ngày
105,18,18,0,15487769.299999999,15487769.299999999,1.0,10000.0,5,8,Ban ngày
106,18,18,0,12407586.84,12407586.84,1.0,10000.0,5,9,Ban ngày
107,10,10,0,5062020.640000001,5062020.640000001,1.0,10000.0,5,10,Ban ngày
108,8,8,0,15526032.360000001,15526032.360000001,1.0,10000.0,5,11,Ban ngày
109,12,12,0,8388165.9399999995,8388165.9399999995,1.0,10000.0,5,12,Ban ngày
110,10,10,0,8845515.58,8845515.58,1.0,10000.0,5,13,Ban ngày
111,10,10,0,11801388.46,11801388.46,1.0,10000.0,5,14,Ban ngày
112,2,2,0,84837.7,84837.7,1.0,10000.0,5,15,Ban ngày
113,6,6,0,3976999.1,3976999.1,1.0,10000.0,5,16,Ban ngày
114,4,4,0,7748974.38,7748974.38,1.0,10000.0,5,17,Ban ngày
115,10,10,0,7226221.720000001,7226221.720000001,1.0,10000.0,5,18,Ban ngày
116,14,14,0,16376396.78,16376396.78,1.0,10000.0,5,19,Ban ngày
117,12,12,0,13355288.92,13355288.92,1.0,10000.0,5,20,Ban ngày
118,12,12,0,33446321.98,33446321.98,1.0,10000.0,5,21,Ban ngày
119,5740,10,0,652470324.75,7143604.24,0.0017421602787456446,17.421602787456447,5,22,Ban đêm
120,3144,12,0,377544600.44,6495665.24,0.003816793893129771,38.167938931297705,5,23,Ban đêm
121,1074,14,0,111898438.66,9846685.32,0.01303538175046555,130.3538175046555,6,0,Ban đêm
122,414,14,0,63367833.74,15003065.74,0.033816425120772944,338.1642512077294,6,1,Ban đêm
123,52,6,0,22572340.19,13972355.84,0.11538461538461539,1153.8461538461538,6,2,Ban đêm
124,4,4,0,22077380.04,22077380.04,1.0,10000.0,6,3,Ban đêm
125,10,10,0,18369419.18,18369419.18,1.0,10000.0,6,4,Ban đêm
126,6,6,0,14855403.24,14855403.24,1.0,10000.0,6,5,Ban đêm
127,14,14,0,22089204.56,22089204.56,1.0,10000.0,6,6,Ban ngày
128,8,8,0,15992485.52,15992485.52,1.0,10000.0,6,7,Ban ngày
129,21986,6,0,4391391782.56,5241801.3,0.00027290093695988356,2.7290093695988356,6,8,Ban ngày
130,32890,6,0,6698931223.32,3435903.52,0.00018242626938279113,1.8242626938279114,6,9,Ban ngày
131,36375,16,0,6783763408.09,51400602.1,0.00043986254295532644,4.398625429553264,6,10,Ban ngày
132,35936,10,0,6687443284.34,17150389.72,0.00027827248441674086,2.7827248441674084,6,11,Ban ngày
133,35147,10,0,6475193394.21,4689421.22,0.0002845193046348195,2.8451930463481947,6,12,Ban ngày
134,32391,10,0,5611630988.639999,35956235.2,0.0003087277330122565,3.0872773301225647,6,13,Ban ngày
135,27556,8,0,4825611448.52,1425274.0,0.00029031789809841774,2.9031789809841775,6,14,Ban ngày
136,30340,10,0,5402422002.03,25158940.18,0.0003295978905735003,3.295978905735003,6,15,Ban ngày
137,32559,12,0,5123734992.96,15980105.26,0.0003685616880125311,3.6856168801253113,6,16,Ban ngày
138,31422,4,0,4430204695.77,1076311.7,0.0001272993444083763,1.272993444083763,6,17,Ban ngày
139,46054,4,0,6807832968.0,773591.6799999999,8.685456203587093e-05,0.8685456203587093,6,18,Ban ngày
140,37012,14,0,4940313493.58,17079616.099999998,0.00037825570085377717,3.7825570085377715,6,19,Ban ngày
141,16434,8,0,2084368981.78,5532339.9,0.0004867956675185591,4.8679566751855905,6,20,Ban ngày
142,12189,8,0,1546712100.15,13332653.7,0.0006563294773976536,6.563294773976536,6,21,Ban ngày
143,7609,16,0,931760710.67,29783410.48,0.0021027730319358655,21.027730319358653,6,22,Ban đêm
144,3523,10,0,377448388.59,7010986.9,0.002838489923360772,28.38489923360772,6,23,Ban đêm
145,1117,14,0,113049826.98,14281544.16,0.012533572068039392,125.33572068039392,7,0,Ban đêm
146,522,10,0,66316130.03,17083347.98,0.019157088122605363,191.57088122605361,7,1,Ban đêm
147,84,6,0,20314127.37,4298922.86,0.07142857142857142,714.2857142857142,7,2,Ban đêm
148,12,12,0,10802770.02,10802770.02,1.0,10000.0,7,3,Ban đêm
149,22,22,0,42013551.06,42013551.06,1.0,10000.0,7,4,Ban đêm
150,14,14,0,14014584.440000001,14014584.440000001,1.0,10000.0,7,5,Ban đêm
151,18,18,0,10203595.36,10203595.36,1.0,10000.0,7,6,Ban ngày
152,6,6,0,5335020.24,5335020.24,1.0,10000.0,7,7,Ban ngày
153,19475,10,0,3684861307.08,3798339.2,0.0005134788189987163,5.134788189987163,7,8,Ban ngày
154,29241,10,0,5375430913.09,11189249.42,0.00034198556820902155,3.4198556820902155,7,9,Ban ngày
155,29927,8,0,5606061971.16,7393758.66,0.00026731713837003374,2.6731713837003372,7,10,Ban ngày
156,27603,18,0,4960414720.23,7466927.98,0.0006521030322791001,6.521030322791001,7,11,Ban ngày
157,29764,16,0,5050314367.42,25721936.5,0.0005375621556242441,5.37562155624244,7,12,Ban ngày
158,27839,8,0,4789734067.88,11549795.48,0.00028736664391680735,2.8736664391680735,7,13,Ban ngày
159,27561,10,0,4573981952.64,2873930.94,0.00036283153731722363,3.6283153731722364,7,14,Ban ngày
160,27765,26,0,4657390938.93,88872442.84,0.0009364307581487485,9.364307581487484,7,15,Ban ngày
161,33049,14,0,5387907144.99,44869829.06,0.0004236134224938727,4.236134224938727,7,16,Ban ngày
162,40622,10,0,6199143085.37,35038688.1,0.00024617202501107775,2.4617202501107776,7,17,Ban ngày
163,46352,8,0,6710359139.23,4425650.78,0.00017259233690024162,1.7259233690024163,7,18,Ban ngày
164,39102,14,0,4981351201.62,9819639.38,0.00035803795202291446,3.5803795202291444,7,19,Ban ngày
165,16542,4,0,2053484812.33,5334490.5600000005,0.00024180872929512756,2.4180872929512756,7,20,Ban ngày
166,12176,6,0,1382688727.46,4116659.24,0.0004927726675427069,4.927726675427069,7,21,Ban ngày
167,7946,6,0,933051702.08,6258291.619999999,0.0007550969041026932,7.550969041026932,7,22,Ban đêm
168,3824,2,0,442551927.76,15027162.92,0.0005230125523012552,5.230125523012552,7,23,Ban đêm
169,1464,10,0,136069265.33,5548484.82,0.006830601092896175,68.30601092896174,8,0,Ban đêm
170,529,16,0,82260708.29,37207453.82,0.030245746691871456,302.45746691871454,8,1,Ban đêm
171,14,14,0,30834521.240000002,30834521.240000002,1.0,10000.0,8,2,Ban đêm
172,10,10,0,7312840.08,7312840.08,1.0,10000.0,8,3,Ban đêm
173,14,14,0,27327876.34,27327876.34,1.0,10000.0,8,4,Ban đêm
174,10,10,0,6161251.8,6161251.8,1.0,10000.0,8,5,Ban đêm
175,8,8,0,2700000.9000000004,2700000.9000000004,1.0,10000.0,8,6,Ban ngày
176,10,10,0,3362807.26,3362807.26,1.0,10000.0,8,7,Ban ngày
177,17336,18,0,3047457482.65,6663945.3,0.0010383017997231195,10.383017997231194,8,8,Ban ngày
178,28204,14,0,5861954398.26,18498899.46,0.0004963834917033045,4.9638349170330445,8,9,Ban ngày
179,30534,8,0,5115943490.93,4712979.0,0.0002620030130346499,2.620030130346499,8,10,Ban ngày
180,31481,10,0,5639808481.31,36439112.2,0.00031765191702931925,3.1765191702931923,8,11,Ban ngày
181,31749,11,0,5681319969.67,6882774.859999999,0.0003464676052789064,3.464676052789064,8,12,Ban ngày
182,31900,8,0,5233469114.49,5430241.72,0.00025078369905956113,2.5078369905956115,8,13,Ban ngày
183,31199,16,0,4692443326.21,18978467.1,0.0005128369499022404,5.128369499022404,8,14,Ban ngày
184,32175,8,0,5061974882.0,641278.26,0.00024864024864024864,2.4864024864024863,8,15,Ban ngày
185,37323,16,0,6153894465.29,5595525.86,0.00042869008386249764,4.286900838624977,8,16,Ban ngày
186,43747,17,0,6531302921.01,37206085.21,0.00038859807529659175,3.8859807529659176,8,17,Ban ngày
187,49083,10,0,7391259249.559999,23756742.34,0.00020373652792209115,2.0373652792209116,8,18,Ban ngày
188,39079,10,0,4675322824.45,20778776.86,0.0002558919112566852,2.558919112566852,8,19,Ban ngày
189,17674,10,0,2001807262.67,10138774.0,0.0005658028742786014,5.658028742786014,8,20,Ban ngày
190,12669,8,0,1350395827.22,22112574.56,0.0006314626253058647,6.3146262530586466,8,21,Ban ngày
191,9111,12,0,886835789.38,5392995.26,0.0013170892327955218,13.170892327955219,8,22,Ban đêm
192,4314,10,0,409379744.14,8309608.76,0.0023180343069077423,23.180343069077423,8,23,Ban đêm
193,1511,8,0,136595891.1,2287478.94,0.005294506949040371,52.945069490403704,9,0,Ban đêm
194,671,12,0,58442261.13,12961770.02,0.01788375558867362,178.83755588673623,9,1,Ban đêm
195,141,10,0,20572775.97,6852035.22,0.07092198581560284,709.2198581560284,9,2,Ban đêm
196,8,8,0,4998965.9399999995,4998965.9399999995,1.0,10000.0,9,3,Ban đêm
197,4,4,0,4894973.5,4894973.5,1.0,10000.0,9,4,Ban đêm
198,12,12,0,39553204.839999996,39553204.839999996,1.0,10000.0,9,5,Ban đêm
199,10,10,0,10151804.44,10151804.44,1.0,10000.0,9,6,Ban ngày
200,8,8,0,26179145.6,26179145.6,1.0,10000.0,9,7,Ban ngày
201,17963,8,0,2444701645.21,7441642.08,0.00044535990647441966,4.453599064744196,9,8,Ban ngày
202,31949,2,0,4604339087.28,4527854.08,6.259976838085699e-05,0.6259976838085699,9,9,Ban ngày
203,36176,8,0,5277176879.03,16146721.32,0.00022114108801415304,2.2114108801415306,9,10,Ban ngày
204,36856,6,0,5284768973.08,4610782.02,0.00016279574560451487,1.6279574560451486,9,11,Ban ngày
205,33549,16,0,5365333264.48,5527243.84,0.00047691436406450266,4.7691436406450265,9,12,Ban ngày
206,29777,12,0,4206648534.99,16591881.879999999,0.00040299560063135977,4.029956006313598,9,13,Ban ngày
207,28288,6,0,4078718390.73,2097202.1999999997,0.00021210407239819005,2.1210407239819005,9,14,Ban ngày
208,29058,21,0,4081255354.45,23244096.62,0.0007226925459425976,7.226925459425976,9,15,Ban ngày
209,30372,6,0,4141703465.12,17780416.1,0.00019755037534571315,1.9755037534571314,9,16,Ban ngày
210,33004,8,0,4369134560.91,6867773.52,0.00024239486122894195,2.4239486122894194,9,17,Ban ngày
211,36889,14,0,4763104506.09,17522541.48,0.000379516929165876,3.7951692916587603,9,18,Ban ngày
212,34047,40,1,4386135424.32,104335505.4,0.001174846535671278,11.74846535671278,9,19,Ban ngày
213,14775,8,0,1876024774.84,9595979.6,0.0005414551607445009,5.414551607445008,9,20,Ban ngày
214,10746,12,0,1331914190.0,13397102.579999998,0.0011166945840312675,11.166945840312675,9,21,Ban ngày
215,7975,10,0,1040812156.91,23474504.360000003,0.0012539184952978057,12.539184952978058,9,22,Ban đêm
216,4130,6,0,514605168.46,3530629.18,0.0014527845036319612,14.527845036319611,9,23,Ban đêm
217,3347,16,0,412718375.86,12623112.26,0.004780400358530027,47.804003585300265,10,0,Ban đêm
218,12,12,0,22237883.98,22237883.98,1.0,10000.0,10,1,Ban đêm
219,10,10,0,8562844.34,8562844.34,1.0,10000.0,10,2,Ban đêm
220,6,6,0,9687097.08,9687097.08,1.0,10000.0,10,3,Ban đêm
221,10,10,0,5286186.14,5286186.14,1.0,10000.0,10,4,Ban đêm
222,8,8,0,5949300.24,5949300.24,1.0,10000.0,10,5,Ban đêm
223,8,8,0,6587448.4799999995,6587448.4799999995,1.0,10000.0,10,6,Ban ngày
224,10,10,0,20234992.58,20234992.58,1.0,10000.0,10,7,Ban ngày
225,18366,12,0,3585708429.11,4533541.76,0.0006533812479581836,6.533812479581836,10,8,Ban ngày
226,27522,12,0,6125641173.05,23010432.96,0.0004360148245040331,4.360148245040331,10,9,Ban ngày
227,30871,14,0,6004298462.84,17055559.22,0.0004535000485892909,4.535000485892909,10,10,Ban ngày
228,30965,16,0,5912909516.1,39930580.08,0.000516712417245277,5.16712417245277,10,11,Ban ngày
229,28304,8,0,5042346774.47,1997995.42,0.0002826455624646693,2.8264556246466928,10,12,Ban ngày
230,26034,17,0,4431692044.84,38649949.32,0.0006529922409157255,6.529922409157256,10,13,Ban ngày
231,26968,17,0,4651274087.59,18176361.03,0.0006303767428062889,6.303767428062889,10,14,Ban ngày
232,27482,10,0,4836628260.07,10156761.98,0.0003638745360599665,3.6387453605996654,10,15,Ban ngày
233,14703,12,0,2401809316.28,3109627.22,0.0008161599673536013,8.161599673536013,10,16,Ban ngày
234,34053,14,0,5373207185.74,3647395.52,0.0004111238363727131,4.111238363727131,10,17,Ban ngày
235,47491,10,0,7298145078.92,10014132.379999999,0.00021056621254553494,2.1056621254553494,10,18,Ban ngày
236,37109,10,0,4564006648.72,13303190.879999999,0.0002694764073405373,2.694764073405373,10,19,Ban ngày
237,16003,12,0,1868247705.8,51710120.12,0.0007498594013622446,7.498594013622446,10,20,Ban ngày
238,10920,14,0,1211714724.47,31908350.78,0.001282051282051282,12.820512820512821,10,21,Ban ngày
239,8554,10,0,931485164.92,3089193.6,0.0011690437222352116,11.690437222352116,10,22,Ban đêm
240,4189,14,0,459973475.4,11598641.0,0.0033420864168059203,33.420864168059204,10,23,Ban đêm
241,1865,18,0,180380700.47,10169644.12,0.0096514745308311,96.51474530831099,11,0,Ban đêm
242,637,8,0,65930719.52,14575221.68,0.012558869701726845,125.58869701726846,11,1,Ban đêm
243,8,8,0,16247876.120000001,16247876.120000001,1.0,10000.0,11,2,Ban đêm
244,12,12,0,27299325.08,27299325.08,1.0,10000.0,11,3,Ban đêm
245,4,4,0,1624691.7799999998,1624691.7799999998,1.0,10000.0,11,4,Ban đêm
246,4,4,0,1692137.58,1692137.58,1.0,10000.0,11,5,Ban đêm
247,8,8,0,6475558.04,6475558.04,1.0,10000.0,11,6,Ban ngày
248,10,10,0,28243774.7,28243774.7,1.0,10000.0,11,7,Ban ngày
249,23209,28,0,3792800922.78,47020241.04,0.001206428540652333,12.06428540652333,11,8,Ban ngày
250,31854,22,1,6326260900.29,67870035.96,0.0006906510956237835,6.9065109562378355,11,9,Ban ngày
251,35269,10,0,5771315721.2300005,24013421.259999998,0.0002835351158240948,2.835351158240948,11,10,Ban ngày
252,35590,2,0,5854918089.56,152400.08,5.6195560550716494e-05,0.561955605507165,11,11,Ban ngày
253,33311,10,0,5942227724.38,7202085.800000001,0.0003002011347602894,3.002011347602894,11,12,Ban ngày
254,29553,10,0,4521637821.26,5394751.48,0.000338375122660982,3.38375122660982,11,13,Ban ngày
255,28840,8,0,3974800979.95,2180114.6799999997,0.00027739251040221914,2.7739251040221915,11,14,Ban ngày
256,28570,8,0,3918809333.85,20354123.44,0.000280014000700035,2.80014000700035,11,15,Ban ngày
257,26843,6,0,3605125811.29,13407793.8,0.00022352196103267146,2.2352196103267143,11,16,Ban ngày
258,27662,8,0,3583780336.6,7159475.5200000005,0.0002892054081411322,2.8920540814113225,11,17,Ban ngày
259,43328,10,0,5076897554.77,22105540.560000002,0.00023079763663220087,2.3079763663220088,11,18,Ban ngày
260,33674,12,0,3787449731.79,39424375.56,0.00035635802102512324,3.5635802102512324,11,19,Ban ngày
261,14420,20,0,1569022159.21,27005758.06,0.0013869625520110957,13.869625520110958,11,20,Ban ngày
262,11125,22,0,1221492417.02,23105143.94,0.0019775280898876404,19.775280898876403,11,21,Ban ngày
263,8021,6,0,685238193.2,1265463.02,0.0007480364044383493,7.480364044383493,11,22,Ban đêm
264,4042,8,0,368989231.13,6467931.44,0.0019792182088075212,19.79218208807521,11,23,Ban đêm
265,1581,12,0,144773162.36,22467481.86,0.007590132827324478,75.90132827324479,12,0,Ban đêm
266,767,10,0,105005135.03,61784214.44,0.01303780964797914,130.3780964797914,12,1,Ban đêm
267,77,8,0,54389457.77,11757100.52,0.1038961038961039,1038.961038961039,12,2,Ban đêm
268,6,6,0,8090414.72,8090414.72,1.0,10000.0,12,3,Ban đêm
269,14,14,0,30786900.72,30786900.72,1.0,10000.0,12,4,Ban đêm
270,16,16,0,7453709.26,7453709.26,1.0,10000.0,12,5,Ban đêm
271,12,12,0,21611875.28,21611875.28,1.0,10000.0,12,6,Ban ngày
272,12,12,0,14762929.3,14762929.3,1.0,10000.0,12,7,Ban ngày
273,7871,20,0,1057528069.92,23804168.6,0.002540973192732817,25.409731927328167,12,8,Ban ngày
274,19202,20,0,2826244635.49,19364377.9,0.0010415581710238517,10.415581710238516,12,9,Ban ngày
275,24797,10,0,3508304287.57,14612377.940000001,0.000403274589668105,4.03274589668105,12,10,Ban ngày
276,26383,10,0,4412622274.43,13629640.32,0.0003790319523935868,3.790319523935868,12,11,Ban ngày
277,25925,14,0,4044242654.87,8334851.02,0.0005400192864030858,5.400192864030858,12,12,Ban ngày
278,25737,4,0,4022655172.18,659767.1599999999,0.00015541826941757004,1.5541826941757004,12,13,Ban ngày
279,25925,22,1,4231256216.76,65064759.15,0.0008486017357762777,8.486017357762778,12,14,Ban ngày
280,25956,4,0,4068126710.03,1489232.8199999998,0.0001541069502234551,1.5410695022345509,12,15,Ban ngày
281,27778,18,0,4504317592.53,21634287.86,0.0006479948160414716,6.479948160414716,12,16,Ban ngày
282,31118,18,0,5081155730.24,8020630.52,0.000578443344687962,5.7844334468796195,12,17,Ban ngày
283,36644,8,0,6258571159.98,3965925.56,0.00021831677764436196,2.1831677764436197,12,18,Ban ngày
284,33449,16,0,5923047332.08,8986754.62,0.0004783401596460283,4.7834015964602825,12,19,Ban ngày
285,14266,16,0,2842978700.69,27572837.080000002,0.0011215477358755082,11.215477358755082,12,20,Ban ngày
286,11333,8,0,2435387156.5,6015907.74,0.000705903114797494,7.05903114797494,12,21,Ban ngày
287,6889,10,0,1444658464.92,20667853.0,0.0014515894904920889,14.51589490492089,12,22,Ban đêm
288,4018,10,0,940528731.73,5445147.0,0.0024888003982080635,24.888003982080637,12,23,Ban đêm
289,1437,12,0,200942836.62,1910568.3,0.008350730688935281,83.5073068893528,13,0,Ban đêm
290,487,8,0,52148206.04,4365133.1,0.01642710472279261,164.2710472279261,13,1,Ban đêm
291,44,10,0,55410020.12,7547162.24,0.22727272727272727,2272.7272727272725,13,2,Ban đêm
292,8,8,0,6010883.12,6010883.12,1.0,10000.0,13,3,Ban đêm
293,4,4,0,1529597.5,1529597.5,1.0,10000.0,13,4,Ban đêm
294,18,18,0,26816796.080000002,26816796.080000002,1.0,10000.0,13,5,Ban đêm
295,10,10,0,13248845.16,13248845.16,1.0,10000.0,13,6,Ban ngày
296,22,22,0,49873410.0,49873410.0,1.0,10000.0,13,7,Ban ngày
297,20609,8,0,6011228116.56,21773282.1,0.00038817992139356593,3.8817992139356594,13,8,Ban ngày
298,29579,4,0,9417978632.75,1056147.6400000001,0.00013523107610128807,1.3523107610128806,13,9,Ban ngày
299,31940,10,0,8851568808.7,18177885.16,0.00031308703819661864,3.1308703819661865,13,10,Ban ngày
300,31176,8,0,9602057363.44,4018601.34,0.00025660764690787786,2.5660764690787787,13,11,Ban ngày
301,30881,4,0,8875641423.12,982780.02,0.00012952948414882937,1.2952948414882937,13,12,Ban ngày
302,29127,8,0,9284963497.21,6953199.08,0.00027465925086689325,2.7465925086689325,13,13,Ban ngày
303,24714,14,0,11724714959.12,54740384.019999996,0.0005664805373472526,5.664805373472526,13,14,Ban ngày
304,26697,2,0,24963550343.94,93322.06,7.491478443270779e-05,0.7491478443270779,13,15,Ban ngày
305,34595,14,0,19005246565.95,32659392.48,0.0004046827576239341,4.046827576239341,13,16,Ban ngày
306,43615,12,0,7955426526.72,35662272.06,0.00027513470136420956,2.7513470136420954,13,17,Ban ngày
307,46968,16,0,8512005039.48,12989631.26,0.00034065746891500596,3.4065746891500597,13,18,Ban ngày
308,36983,6,0,6343967072.68,14538037.96,0.00016223670335018792,1.6223670335018792,13,19,Ban ngày
309,15147,8,0,2901153885.82,11659187.959999999,0.0005281573909024889,5.281573909024889,13,20,Ban ngày
310,11393,10,0,2351222355.06,23218952.34,0.0008777319406653208,8.777319406653207,13,21,Ban ngày
311,9863,16,0,1843736745.94,39444125.2,0.0016222244753117713,16.222244753117714,13,22,Ban đêm
312,3266,10,0,622626160.82,34880894.24,0.003061849357011635,30.61849357011635,13,23,Ban đêm
313,1305,10,0,264148736.08,19921696.54,0.007662835249042145,76.62835249042145,14,0,Ban đêm
314,512,6,0,70940145.76,6630956.119999999,0.01171875,117.1875,14,1,Ban đêm
315,12,12,0,33201719.299999997,33201719.299999997,1.0,10000.0,14,2,Ban đêm
316,12,12,0,9279425.26,9279425.26,1.0,10000.0,14,3,Ban đêm
317,20,20,0,6354087.94,6354087.94,1.0,10000.0,14,4,Ban đêm
318,6,6,0,3384709.38,3384709.38,1.0,10000.0,14,5,Ban đêm
319,8,8,0,12220382.46,12220382.46,1.0,10000.0,14,6,Ban ngày
320,14,14,0,20764447.78,20764447.78,1.0,10000.0,14,7,Ban ngày
321,17768,8,0,4616167707.85,2283118.3,0.00045024763619990995,4.5024763619991,14,8,Ban ngày
322,27147,16,0,7614594107.81,29436549.02,0.0005893837256418758,5.893837256418758,14,9,Ban ngày
323,29884,10,0,7861111520.1,17893241.94,0.00033462722527104807,3.3462722527104805,14,10,Ban ngày
324,29430,10,0,7306624172.49,2447231.64,0.0003397893306150187,3.3978933061501873,14,11,Ban ngày
325,27901,10,0,7416314396.780001,4589819.58,0.00035841009282821406,3.5841009282821408,14,12,Ban ngày
326,26655,14,0,8548289956.85,18064958.32,0.0005252297880322641,5.252297880322641,14,13,Ban ngày
327,25183,10,0,14324072141.33,4917316.84,0.0003970932772108168,3.970932772108168,14,14,Ban ngày
328,26877,18,0,11647709104.03,13961667.54,0.0006697176024109834,6.697176024109834,14,15,Ban ngày
329,32161,6,0,6102660553.07,7946794.399999999,0.00018656136314169336,1.8656136314169336,14,16,Ban ngày
330,36682,10,0,5933645454.24,20703812.82,0.0002726132708140232,2.7261327081402325,14,17,Ban ngày
331,40186,6,0,6407948389.01,1960817.9000000001,0.00014930572836311154,1.4930572836311153,14,18,Ban ngày
332,36156,6,0,5232580956.62,1205647.3399999999,0.00016594756057085962,1.6594756057085962,14,19,Ban ngày
333,14553,8,0,2519375123.84,9126924.7,0.0005497148354291211,5.497148354291212,14,20,Ban ngày
334,12016,4,0,1965439321.87,3053286.3600000003,0.00033288948069241014,3.3288948069241013,14,21,Ban ngày
335,10456,4,0,1650698226.65,4438239.3,0.00038255547054322876,3.8255547054322876,14,22,Ban đêm
336,2932,18,0,469835508.28,20084983.14,0.006139154160982265,61.391541609822646,14,23,Ban đêm
337,320,10,0,37511725.73,3844385.02,0.03125,312.5,15,0,Ban đêm
338,529,4,0,54096226.839999996,525566.9,0.007561436672967864,75.61436672967864,15,1,Ban đêm
339,10,10,0,4839777.76,4839777.76,1.0,10000.0,15,2,Ban đêm
340,10,10,0,20576578.259999998,20576578.259999998,1.0,10000.0,15,3,Ban đêm
341,10,10,0,9681273.68,9681273.68,1.0,10000.0,15,4,Ban đêm
342,14,14,0,2872763.5,2872763.5,1.0,10000.0,15,5,Ban đêm
343,12,12,0,5299923.58,5299923.58,1.0,10000.0,15,6,Ban ngày
344,6,6,0,5246154.58,5246154.58,1.0,10000.0,15,7,Ban ngày
345,14670,12,0,3775109118.91,20934275.32,0.0008179959100204499,8.1799591002045,15,8,Ban ngày
346,26073,6,0,5826660716.37,4402671.54,0.00023012311586698885,2.3012311586698884,15,9,Ban ngày
347,30222,0,0,6964456131.76,0.0,0.0,0.0,15,10,Ban ngày
348,29467,8,0,7929207505.03,15822348.14,0.00027149014151423625,2.7149014151423625,15,11,Ban ngày
349,29552,18,0,5701716349.72,16963849.96,0.0006090958310774228,6.090958310774228,15,12,Ban ngày
350,28245,14,0,5640295178.53,22398150.3,0.0004956629491945477,4.956629491945478,15,13,Ban ngày
351,26927,18,0,5172213957.19,58087887.92,0.0006684740223567423,6.684740223567423,15,14,Ban ngày
352,27139,16,0,5047833554.76,26279377.32,0.0005895574634290136,5.895574634290136,15,15,Ban ngày
353,30420,8,0,6779388634.990001,2604863.18,0.00026298487836949375,2.6298487836949374,15,16,Ban ngày
354,40696,12,0,6965215256.25,40189013.440000005,0.00029486927462158444,2.9486927462158445,15,17,Ban ngày
355,44787,8,0,7234253609.7,19713220.86,0.00017862326121419162,1.7862326121419163,15,18,Ban ngày
356,33528,6,0,4693535568.26,12634652.5,0.00017895490336435218,1.7895490336435218,15,19,Ban ngày
357,15096,18,0,2291105832.49,37906720.7,0.0011923688394276629,11.92368839427663,15,20,Ban ngày
358,12050,10,0,1754502433.76,15686899.100000001,0.0008298755186721991,8.29875518672199,15,21,Ban ngày
359,7991,12,0,1081719923.47,39518536.68,0.0015016894005756476,15.016894005756475,15,22,Ban đêm
360,3508,8,0,475026460.95,3961920.48,0.002280501710376283,22.80501710376283,15,23,Ban đêm
361,1441,14,0,170127306.87,16033101.22,0.009715475364330326,97.15475364330325,16,0,Ban đêm
362,504,20,0,120469553.48,48496708.88,0.03968253968253968,396.8253968253968,16,1,Ban đêm
363,14,14,0,38027813.68,38027813.68,1.0,10000.0,16,2,Ban đêm
364,6,6,0,7708375.62,7708375.62,1.0,10000.0,16,3,Ban đêm
365,14,14,0,18737996.099999998,18737996.099999998,1.0,10000.0,16,4,Ban đêm
366,10,10,0,23250735.88,23250735.88,1.0,10000.0,16,5,Ban đêm
367,14,14,0,6965470.32,6965470.32,1.0,10000.0,16,6,Ban ngày
368,6,6,0,2900938.6799999997,2900938.6799999997,1.0,10000.0,16,7,Ban ngày
369,14490,6,0,3283341857.45,3991442.66,0.00041407867494824016,4.140786749482402,16,8,Ban ngày
370,25429,18,0,6337254252.83,34645062.04,0.0007078532384285658,7.078532384285658,16,9,Ban ngày
371,28388,6,0,5968864151.18,782237.24,0.00021135691137100183,2.1135691137100183,16,10,Ban ngày
372,29515,8,0,5506549073.95,17538141.439999998,0.0002710486193460952,2.710486193460952,16,11,Ban ngày
373,28853,12,0,5407533849.39,10628683.059999999,0.00041590129275985167,4.159012927598517,16,12,Ban ngày
374,27727,14,0,5003598395.76,6580875.16,0.0005049229992426155,5.049229992426155,16,13,Ban ngày
375,26103,10,0,5510846318.73,3993252.86,0.0003830977282304716,3.830977282304716,16,14,Ban ngày
376,20122,4,0,6138973352.87,1394313.8399999999,0.00019878739687903787,1.9878739687903788,16,15,Ban ngày
377,18183,10,0,2963739223.12,7689896.100000001,0.000549964252323599,5.49964252323599,16,16,Ban ngày
378,37127,4,0,5531479167.98,761155.06,0.00010773830366040886,1.0773830366040886,16,17,Ban ngày
379,41759,16,0,5847754144.07,33623050.92,0.00038315093752245026,3.8315093752245026,16,18,Ban ngày
380,37693,14,0,4803245990.13,9165065.98,0.00037142174939643963,3.714217493964396,16,19,Ban ngày
381,14961,4,0,2043308095.19,1612277.42,0.0002673618073658178,2.673618073658178,16,20,Ban ngày
382,11829,8,0,1657430074.48,7264385.28,0.0006763039986473921,6.76303998647392,16,21,Ban ngày
383,7818,14,0,1055020916.85,28672487.98,0.0017907393195190585,17.907393195190586,16,22,Ban đêm
384,3588,6,0,443414417.79,5135667.38,0.0016722408026755853,16.722408026755854,16,23,Ban đêm
385,1419,8,0,142296140.07,5466976.74,0.005637773079633545,56.37773079633545,17,0,Ban đêm
386,633,16,0,131912135.28,63679949.18,0.02527646129541864,252.76461295418642,17,1,Ban đêm
387,28,28,1,147237648.39,147237648.39,1.0,10000.0,17,2,Ban đêm
388,18,18,0,34064057.06,34064057.06,1.0,10000.0,17,3,Ban đêm
389,10,10,0,25595859.9,25595859.9,1.0,10000.0,17,4,Ban đêm
390,12,12,0,17235988.42,17235988.42,1.0,10000.0,17,5,Ban đêm
391,12,12,0,13642966.84,13642966.84,1.0,10000.0,17,6,Ban ngày
392,10,10,0,7935358.76,7935358.76,1.0,10000.0,17,7,Ban ngày
393,19269,4,0,4577025882.6,1446315.5,0.00020758731641496705,2.0758731641496704,17,8,Ban ngày
394,28959,10,0,6433780283.85,10113828.52,0.00034531579129113576,3.4531579129113577,17,9,Ban ngày
395,22797,8,0,3912610392.82,943692.4,0.00035092336710970743,3.5092336710970744,17,10,Ban ngày
396,34075,8,0,6436763739.34,8061487.48,0.00023477622890682317,2.347762289068232,17,11,Ban ngày
397,30348,10,0,5915512509.77,5677026.32,0.0003295110056675893,3.2951100566758926,17,12,Ban ngày
398,26656,26,0,5024591202.61,92473491.98,0.0009753901560624249,9.75390156062425,17,13,Ban ngày
399,30223,12,0,5917459225.070001,6605265.34,0.00039704860536677363,3.970486053667736,17,14,Ban ngày
400,30910,16,0,5608205263.28,24421400.84,0.000517631834357813,5.176318343578131,17,15,Ban ngày
401,33468,16,0,5718920109.12,28081650.36,0.0004780686028445082,4.780686028445082,17,16,Ban ngày
402,40218,12,0,6596385476.64,14220007.74,0.0002983738624496494,2.983738624496494,17,17,Ban ngày
403,45155,16,0,6746761157.95,12681871.74,0.00035433506809877093,3.543350680987709,17,18,Ban ngày
404,36726,18,0,4862065083.49,30981834.22,0.000490115994118608,4.90115994118608,17,19,Ban ngày
405,16604,10,0,2252761583.91,27711647.6,0.0006022645145748012,6.022645145748012,17,20,Ban ngày
406,12023,24,0,1737107629.18,45330435.22,0.001996173999833652,19.96173999833652,17,21,Ban ngày
407,7937,6,0,970894107.08,4892724.1,0.0007559531309058839,7.559531309058839,17,22,Ban đêm
408,8256,10,0,1019370201.37,8426965.5,0.0012112403100775194,12.112403100775193,17,23,Ban đêm
409,483,20,0,124249603.63,74544759.32,0.041407867494824016,414.0786749482402,18,0,Ban đêm
410,20,20,0,28815915.8,28815915.8,1.0,10000.0,18,1,Ban đêm
411,16,16,0,44434467.26,44434467.26,1.0,10000.0,18,2,Ban đêm
412,8,8,0,6931488.54,6931488.54,1.0,10000.0,18,3,Ban đêm
413,289,14,0,56035634.04,20718110.18,0.04844290657439446,484.42906574394465,18,4,Ban đêm
414,16,16,0,40395346.04,40395346.04,1.0,10000.0,18,5,Ban đêm
415,16,16,0,11738866.76,11738866.76,1.0,10000.0,18,6,Ban ngày
416,2182,8,0,345168018.54,26252103.96,0.0036663611365719525,36.663611365719525,18,7,Ban ngày
417,6,6,0,6632519.28,6632519.28,1.0,10000.0,18,8,Ban ngày
418,6,6,0,2758272.86,2758272.86,1.0,10000.0,18,9,Ban ngày
419,1257,10,0,193638577.05,8577308.84,0.007955449482895784,79.55449482895784,18,10,Ban ngày
420,2620,12,0,516175683.2,6214993.72,0.004580152671755725,45.80152671755725,18,11,Ban ngày
421,14,14,0,54903247.38,54903247.38,1.0,10000.0,18,12,Ban ngày
422,1259,10,0,243906571.78,10364365.48,0.007942811755361398,79.42811755361397,18,13,Ban ngày
423,766,6,0,121423443.11,8384347.359999999,0.007832898172323759,78.32898172323759,18,14,Ban ngày
424,14,14,0,23591968.12,23591968.12,1.0,10000.0,18,15,Ban ngày
425,28,28,2,110298471.23,110298471.23,1.0,10000.0,18,16,Ban ngày
426,5139,2,0,888380417.6899999,199608.42,0.0003891807744697412,3.891807744697412,18,17,Ban ngày
427,14,14,0,22280093.62,22280093.62,1.0,10000.0,18,18,Ban ngày
428,2792,6,0,369181208.02,6429529.819999999,0.002148997134670487,21.48997134670487,18,19,Ban ngày
429,2357,4,0,306539468.2,2305809.1799999997,0.0016970725498515061,16.970725498515062,18,20,Ban ngày
430,8,8,0,13356935.2,13356935.2,1.0,10000.0,18,21,Ban ngày
431,1685,6,0,176579531.52,10421929.52,0.0035608308605341245,35.60830860534124,18,22,Ban đêm
432,4,4,0,4115551.48,4115551.48,1.0,10000.0,18,23,Ban đêm
433,6,6,0,3740353.9,3740353.9,1.0,10000.0,19,0,Ban đêm
434,8,8,0,15066379.4,15066379.4,1.0,10000.0,19,1,Ban đêm
435,4,4,0,3018541.02,3018541.02,1.0,10000.0,19,2,Ban đêm
436,248,16,0,57243868.85,21208459.54,0.06451612903225806,645.1612903225806,19,3,Ban đêm
437,16,16,0,24046445.4,24046445.4,1.0,10000.0,19,4,Ban đêm
438,12,12,0,13988340.3,13988340.3,1.0,10000.0,19,5,Ban đêm
439,883,12,0,90178693.02,16647703.4,0.013590033975084938,135.90033975084938,19,6,Ban ngày
440,18,18,0,106424896.32,106424896.32,1.0,10000.0,19,7,Ban ngày
441,10,10,0,16704956.4,16704956.4,1.0,10000.0,19,8,Ban ngày
442,1222,12,0,150273831.39,9302089.46,0.009819967266775777,98.19967266775778,19,9,Ban ngày
443,10,10,0,9883266.22,9883266.22,1.0,10000.0,19,10,Ban ngày
444,20,20,0,55929981.0,55929981.0,1.0,10000.0,19,11,Ban ngày
445,64,6,0,20604103.080000002,4902393.819999999,0.09375,937.5,19,12,Ban ngày
446,12,12,0,23247205.759999998,23247205.759999998,1.0,10000.0,19,13,Ban ngày
447,10,10,0,17027129.52,17027129.52,1.0,10000.0,19,14,Ban ngày
448,2548,6,0,382255817.02,1632367.56,0.002354788069073783,23.54788069073783,19,15,Ban ngày
449,1194,6,0,168249336.65,4532597.78,0.005025125628140704,50.25125628140704,19,16,Ban ngày
450,16,16,0,42903268.1,42903268.1,1.0,10000.0,19,17,Ban ngày
451,3751,4,0,523928034.91,969917.34,0.0010663822980538523,10.663822980538523,19,18,Ban ngày
452,308,10,0,62669683.02,19262284.76,0.032467532467532464,324.67532467532465,19,19,Ban ngày
453,59,8,0,20125779.259999998,8635021.62,0.13559322033898305,1355.9322033898304,19,20,Ban ngày
454,39,6,0,13318758.34,3710927.5999999996,0.15384615384615385,1538.4615384615386,19,21,Ban ngày
455,824,10,0,84116910.54,5993693.9399999995,0.012135922330097087,121.35922330097087,19,22,Ban đêm
456,18,18,0,31949963.72,31949963.72,1.0,10000.0,19,23,Ban đêm
457,10,10,0,4996140.54,4996140.54,1.0,10000.0,20,0,Ban đêm
458,438,6,0,40738860.82,893009.56,0.0136986301369863,136.986301369863,20,1,Ban đêm
459,8,8,0,2962101.96,2962101.96,1.0,10000.0,20,2,Ban đêm
460,59,16,0,21889297.82,11378803.299999999,0.2711864406779661,2711.864406779661,20,3,Ban đêm
461,83,16,0,38674234.93,22101413.28,0.1927710843373494,1927.710843373494,20,4,Ban đêm
462,16,16,0,12933930.56,12933930.56,1.0,10000.0,20,5,Ban đêm
463,10,10,0,15575691.76,15575691.76,1.0,10000.0,20,6,Ban ngày
464,16,16,0,19647849.88,19647849.88,1.0,10000.0,20,7,Ban ngày
465,12,12,0,20195821.5,20195821.5,1.0,10000.0,20,8,Ban ngày
466,984,6,0,165540424.33,9399477.28,0.006097560975609756,60.97560975609756,20,9,Ban ngày
467,12,12,0,6673898.26,6673898.26,1.0,10000.0,20,10,Ban ngày
468,12,12,0,8427756.38,8427756.38,1.0,10000.0,20,11,Ban ngày
469,6016,8,0,1128548350.45,42293650.88,0.0013297872340425532,13.297872340425531,20,12,Ban ngày
470,12,12,0,13929861.700000001,13929861.700000001,1.0,10000.0,20,13,Ban ngày
471,2620,2,0,479065942.25,1008689.86,0.0007633587786259542,7.633587786259542,20,14,Ban ngày
472,84,8,0,50577039.29,8088190.96,0.09523809523809523,952.3809523809523,20,15,Ban ngày
473,10,10,0,1423133.56,1423133.56,1.0,10000.0,20,16,Ban ngày
474,2728,8,0,578338723.62,5804368.640000001,0.002932551319648094,29.325513196480937,20,17,Ban ngày
475,14,14,0,4167837.46,4167837.46,1.0,10000.0,20,18,Ban ngày
476,3755,8,0,593405934.91,3306848.02,0.0021304926764314247,21.304926764314246,20,19,Ban ngày
477,10,10,0,38321192.76,38321192.76,1.0,10000.0,20,20,Ban ngày
478,1908,6,0,249631132.25,6270376.16,0.0031446540880503146,31.446540880503147,20,21,Ban ngày
479,904,4,0,98762802.43,14938025.34,0.004424778761061947,44.24778761061947,20,22,Ban đêm
480,6,6,0,1945259.1,1945259.1,1.0,10000.0,20,23,Ban đêm
481,14,14,0,7476067.6,7476067.6,1.0,10000.0,21,0,Ban đêm
482,16,16,0,7618253.760000001,7618253.760000001,1.0,10000.0,21,1,Ban đêm
483,317,8,0,63937791.88,23227580.96,0.025236593059936908,252.36593059936908,21,2,Ban đêm
484,6,6,0,501135.22,501135.22,1.0,10000.0,21,3,Ban đêm
485,12,12,0,16670389.879999999,16670389.879999999,1.0,10000.0,21,4,Ban đêm
486,8,8,0,12307851.5,12307851.5,1.0,10000.0,21,5,Ban đêm
487,912,14,0,112818882.03,12065199.46,0.015350877192982455,153.50877192982455,21,6,Ban ngày
488,8,8,0,11535648.86,11535648.86,1.0,10000.0,21,7,Ban ngày
489,14,14,0,20060606.22,20060606.22,1.0,10000.0,21,8,Ban ngày
490,3820,10,0,770912131.67,16292525.02,0.002617801047120419,26.17801047120419,21,9,Ban ngày
491,12,12,0,9649155.4,9649155.4,1.0,10000.0,21,10,Ban ngày
492,5119,6,0,1172822465.1299999,8415432.2,0.001172103926548154,11.72103926548154,21,11,Ban ngày
493,1819,8,0,422340538.14,5063603.26,0.0043980208905992305,43.980208905992306,21,12,Ban ngày
494,8,8,0,22656512.98,22656512.98,1.0,10000.0,21,13,Ban ngày
495,3256,16,0,722693286.4,10287047.48,0.004914004914004914,49.140049140049136,21,14,Ban ngày
496,873,6,0,162350118.6,1942097.0199999998,0.006872852233676976,68.72852233676976,21,15,Ban ngày
497,20,20,0,44196804.32,44196804.32,1.0,10000.0,21,16,Ban ngày
498,12,12,0,42134942.8,42134942.8,1.0,10000.0,21,17,Ban ngày
499,10,10,0,3823494.9,3823494.9,1.0,10000.0,21,18,Ban ngày
500,6108,4,0,881206032.83,1905605.74,0.0006548788474132286,6.5487884741322855,21,19,Ban ngày
501,28,28,0,79614672.48,79614672.48,1.0,10000.0,21,20,Ban ngày
502,313,12,0,56704614.49,15705844.42,0.038338658146964855,383.38658146964855,21,21,Ban ngày
503,1878,10,0,186350409.67,6032632.26,0.005324813631522897,53.24813631522897,21,22,Ban đêm
504,10,10,0,10039514.88,10039514.88,1.0,10000.0,21,23,Ban đêm
505,936,8,0,98603049.61,21058718.759999998,0.008547008547008548,85.47008547008548,22,0,Ban đêm
506,8,8,0,37329805.019999996,37329805.019999996,1.0,10000.0,22,1,Ban đêm
507,14,14,0,42107207.22,42107207.22,1.0,10000.0,22,2,Ban đêm
508,6,6,0,1907268.1600000001,1907268.1600000001,1.0,10000.0,22,3,Ban đêm
509,288,14,0,48899871.07,11324703.2,0.04861111111111111,486.11111111111114,22,4,Ban đêm
510,10,10,0,16351972.12,16351972.12,1.0,10000.0,22,5,Ban đêm
511,6,6,0,3040983.82,3040983.82,1.0,10000.0,22,6,Ban ngày
512,12,12,0,24542548.84,24542548.84,1.0,10000.0,22,7,Ban ngày
513,10,10,0,4352810.34,4352810.34,1.0,10000.0,22,8,Ban ngày
514,8733,14,0,1999273152.65,40748411.74,0.0016031146226955226,16.031146226955226,22,9,Ban ngày
515,6,6,0,854962.98,854962.98,1.0,10000.0,22,10,Ban ngày
516,14,14,0,49316030.56,49316030.56,1.0,10000.0,22,11,Ban ngày
517,1391,6,0,233099715.33,12496902.06,0.004313443565780014,43.13443565780014,22,12,Ban ngày
518,3488,8,0,649922857.86,3050474.42,0.0022935779816513763,22.93577981651376,22,13,Ban ngày
519,12,12,0,5862921.82,5862921.82,1.0,10000.0,22,14,Ban ngày
520,3037,12,0,589367419.26,27593733.060000002,0.003951267698386566,39.51267698386566,22,15,Ban ngày
521,14,14,0,11945989.74,11945989.74,1.0,10000.0,22,16,Ban ngày
522,18631,14,0,3670726387.08,8446983.32,0.0007514357790778809,7.514357790778809,22,17,Ban ngày
523,30,30,0,69540142.4,69540142.4,1.0,10000.0,22,18,Ban ngày
524,2664,4,0,367784058.74,1177079.38,0.0015015015015015015,15.015015015015015,22,19,Ban ngày
525,8023,2,0,956470572.52,406561.7,0.0002492833104823632,2.492833104823632,22,20,Ban ngày
526,2470,12,0,272760266.42,3828632.44,0.004858299595141701,48.582995951417004,22,21,Ban ngày
527,2697,6,0,275898931.96,2359661.44,0.002224694104560623,22.246941045606228,22,22,Ban đêm
528,937,14,0,85319692.74,9174137.6,0.014941302027748132,149.4130202774813,22,23,Ban đêm
529,33,6,0,15241906.52,9704061.72,0.18181818181818182,1818.1818181818182,23,0,Ban đêm
530,409,8,0,54769365.81,1909485.46,0.019559902200488997,195.59902200488997,23,1,Ban đêm
531,250,14,0,57770528.47,24268797.38,0.056,560.0,23,2,Ban đêm
532,95,6,0,13926809.05,2153727.2,0.06315789473684211,631.578947368421,23,3,Ban đêm
533,12,12,0,13069443.860000001,13069443.860000001,1.0,10000.0,23,4,Ban đêm
534,531,12,0,52014715.13,7342713.119999999,0.022598870056497175,225.98870056497174,23,5,Ban đêm
535,6,6,0,2535105.66,2535105.66,1.0,10000.0,23,6,Ban ngày
536,12,12,0,7342744.3,7342744.3,1.0,10000.0,23,7,Ban ngày
537,18,18,0,7191162.739999999,7191162.739999999,1.0,10000.0,23,8,Ban ngày
538,3120,10,0,803923598.25,10044400.879999999,0.003205128205128205,32.05128205128205,23,9,Ban ngày
539,4,4,0,556966.14,556966.14,1.0,10000.0,23,10,Ban ngày
540,5476,6,0,1069628453.07,12079249.28,0.001095690284879474,10.95690284879474,23,11,Ban ngày
541,12,12,0,43310664.08,43310664.08,1.0,10000.0,23,12,Ban ngày
542,4475,10,0,763897085.02,29204338.759999998,0.0022346368715083797,22.3463687150838,23,13,Ban ngày
543,6,6,0,5380517.8,5380517.8,1.0,10000.0,23,14,Ban ngày
544,9358,6,0,1644902213.31,1236278.56,0.0006411626415900834,6.411626415900834,23,15,Ban ngày
545,3562,0,0,545060662.95,0.0,0.0,0.0,23,16,Ban ngày
546,7771,10,0,1169423725.34,4795830.98,0.0012868356710848024,12.868356710848024,23,17,Ban ngày
547,2261,8,0,359716407.21999997,4434989.96,0.0035382574082264487,35.38257408226449,23,18,Ban ngày
548,5689,2,0,703318157.58,252863.22,0.0003515556336790297,3.515556336790297,23,19,Ban ngày
549,642,12,0,61541864.88,7619342.16,0.018691588785046728,186.91588785046727,23,20,Ban ngày
550,4804,8,0,552312295.48,4124627.66,0.0016652789342214821,16.65278934221482,23,21,Ban ngày
551,949,18,0,98573979.62,17884531.28,0.018967334035827187,189.67334035827187,23,22,Ban đêm
552,1517,10,0,149337625.67,2947529.8,0.0065919578114700065,65.91957811470006,23,23,Ban đêm
553,8,8,0,4677417.0,4677417.0,1.0,10000.0,24,0,Ban đêm
554,18,18,1,85876715.24,85876715.24,1.0,10000.0,24,1,Ban đêm
555,144,6,0,23050207.14,6721842.34,0.041666666666666664,416.66666666666663,24,2,Ban đêm
556,6,6,0,3120878.82,3120878.82,1.0,10000.0,24,3,Ban đêm
557,20,20,0,19343563.1,19343563.1,1.0,10000.0,24,4,Ban đêm
558,14,14,0,8472680.219999999,8472680.219999999,1.0,10000.0,24,5,Ban đêm
559,10,10,0,8614436.24,8614436.24,1.0,10000.0,24,6,Ban ngày
560,10,10,0,4471218.4399999995,4471218.4399999995,1.0,10000.0,24,7,Ban ngày
561,16,16,0,17311068.86,17311068.86,1.0,10000.0,24,8,Ban ngày
562,10,10,0,34103614.62,34103614.62,1.0,10000.0,24,9,Ban ngày
563,3284,18,0,680900659.41,20796743.88,0.0054811205846528625,54.81120584652862,24,10,Ban ngày
564,3546,16,0,593339197.85,26232148.2,0.0045121263395375075,45.121263395375074,24,11,Ban ngày
565,5425,12,0,929420893.75,5967014.640000001,0.0022119815668202765,22.119815668202765,24,12,Ban ngày
566,1421,6,0,210434744.41,4594090.44,0.00422237860661506,42.2237860661506,24,13,Ban ngày
567,4356,10,0,692432804.61,8070082.08,0.002295684113865932,22.95684113865932,24,14,Ban ngày
568,14,14,0,21012595.98,21012595.98,1.0,10000.0,24,15,Ban ngày
569,1182,14,0,196460391.21,7014615.58,0.011844331641285956,118.44331641285956,24,16,Ban ngày
570,1965,10,0,290204523.94,10183582.02,0.005089058524173028,50.890585241730285,24,17,Ban ngày
571,4256,10,0,637073127.54,9214729.6,0.002349624060150376,23.496240601503757,24,18,Ban ngày
572,18,18,0,11261178.0,11261178.0,1.0,10000.0,24,19,Ban ngày
573,3487,8,0,389848074.51,4754931.4799999995,0.002294235732721537,22.94235732721537,24,20,Ban ngày
574,2614,4,0,295795973.7,229978.88,0.001530221882172915,15.30221882172915,24,21,Ban ngày
575,8,8,0,4362409.58,4362409.58,1.0,10000.0,24,22,Ban đêm
576,877,14,0,81920995.88,8083706.5,0.01596351197263398,159.6351197263398,24,23,Ban đêm
577,364,12,0,45191071.07,7649463.0,0.03296703296703297,329.6703296703297,25,0,Ban đêm
578,269,20,0,59022160.44,27473589.36,0.07434944237918216,743.4944237918216,25,1,Ban đêm
579,12,12,0,13391113.62,13391113.62,1.0,10000.0,25,2,Ban đêm
580,58,10,0,16815292.89,9555883.06,0.1724137931034483,1724.1379310344828,25,3,Ban đêm
581,10,10,0,8109043.62,8109043.62,1.0,10000.0,25,4,Ban đêm
582,775,16,0,68649688.11,21844050.46,0.02064516129032258,206.4516129032258,25,5,Ban đêm
583,16,16,0,12437199.9,12437199.9,1.0,10000.0,25,6,Ban ngày
584,281,8,0,42427857.93,6072941.66,0.028469750889679714,284.69750889679716,25,7,Ban ngày
585,2047,6,0,299768066.48,20111176.74,0.0029311187103077674,29.311187103077675,25,8,Ban ngày
586,1581,12,1,317120822.11,66008957.06,0.007590132827324478,75.90132827324479,25,9,Ban ngày
587,2740,6,0,543681227.43,5046226.1,0.0021897810218978104,21.897810218978105,25,10,Ban ngày
588,4894,12,0,775258607.31,8179716.16,0.002451982018798529,24.51982018798529,25,11,Ban ngày
589,6245,2,0,1070599526.98,328593.7,0.0003202562049639712,3.202562049639712,25,12,Ban ngày
590,6584,8,0,1141494285.49,7195791.4399999995,0.001215066828675577,12.15066828675577,25,13,Ban ngày
591,57,12,0,23057518.83,16978495.52,0.21052631578947367,2105.2631578947367,25,14,Ban ngày
592,5373,10,0,898961370.63,7906739.48,0.0018611576400521124,18.611576400521123,25,15,Ban ngày
593,4,4,0,795846.68,795846.68,1.0,10000.0,25,16,Ban ngày
594,6536,10,0,998077347.42,5126436.72,0.0015299877600979193,15.299877600979192,25,17,Ban ngày
595,5434,12,0,725710623.93,8454708.620000001,0.002208317997791682,22.08317997791682,25,18,Ban ngày
596,9319,8,0,1459229978.3200002,2433511.2399999998,0.0008584612082841507,8.584612082841508,25,19,Ban ngày
597,2486,6,0,334291994.35,3240669.92,0.002413515687851971,24.13515687851971,25,20,Ban ngày
598,934,4,0,101198178.91,12040134.739999998,0.004282655246252677,42.82655246252677,25,21,Ban ngày
599,1816,6,0,186384113.39,2010804.7399999998,0.003303964757709251,33.03964757709251,25,22,Ban đêm
600,18,18,0,35814392.02,35814392.02,1.0,10000.0,25,23,Ban đêm
601,865,10,0,86666912.34,3470850.04,0.011560693641618497,115.60693641618496,26,0,Ban đêm
602,8,8,0,5697984.22,5697984.22,1.0,10000.0,26,1,Ban đêm
603,12,12,0,19318593.14,19318593.14,1.0,10000.0,26,2,Ban đêm
604,8,8,0,11736101.32,11736101.32,1.0,10000.0,26,3,Ban đêm
605,16,16,0,10418263.96,10418263.96,1.0,10000.0,26,4,Ban đêm
606,14,14,0,29801780.8,29801780.8,1.0,10000.0,26,5,Ban đêm
607,8,8,0,1402691.26,1402691.26,1.0,10000.0,26,6,Ban ngày
608,1082,16,0,153163443.4,33359254.080000002,0.014787430683918669,147.8743068391867,26,7,Ban ngày
609,8,8,0,1962933.2999999998,1962933.2999999998,1.0,10000.0,26,8,Ban ngày
610,1199,12,0,151695358.52,5269088.46,0.010008340283569641,100.0834028356964,26,9,Ban ngày
611,14,14,0,7014769.8,7014769.8,1.0,10000.0,26,10,Ban ngày
612,2677,12,0,442827835.17,7276108.1,0.0044826298094882335,44.82629809488233,26,11,Ban ngày
613,45,20,0,20714053.12,16976029.5,0.4444444444444444,4444.444444444444,26,12,Ban ngày
614,1278,16,0,176103740.92,21300053.22,0.012519561815336464,125.19561815336463,26,13,Ban ngày
615,8,8,0,18864296.14,18864296.14,1.0,10000.0,26,14,Ban ngày
616,6,6,0,17192937.16,17192937.16,1.0,10000.0,26,15,Ban ngày
617,2680,16,1,491921999.56,88607485.19,0.005970149253731343,59.701492537313435,26,16,Ban ngày
618,8,8,0,4093382.08,4093382.08,1.0,10000.0,26,17,Ban ngày
619,2800,14,0,379732051.64,12463874.96,0.005,50.0,26,18,Ban ngày
620,8,8,0,1470584.12,1470584.12,1.0,10000.0,26,19,Ban ngày
621,1121,18,0,167092597.9,48422537.28,0.016057091882247992,160.5709188224799,26,20,Ban ngày
622,4,4,0,1667642.96,1667642.96,1.0,10000.0,26,21,Ban ngày
623,6,6,0,842672.1599999999,842672.1599999999,1.0,10000.0,26,22,Ban đêm
624,10,10,0,27307081.34,27307081.34,1.0,10000.0,26,23,Ban đêm
625,24,24,0,59187126.16,59187126.16,1.0,10000.0,27,0,Ban đêm
626,6,6,0,265400.04,265400.04,1.0,10000.0,27,1,Ban đêm
627,4,4,0,7419082.84,7419082.84,1.0,10000.0,27,2,Ban đêm
628,6,6,0,2388645.62,2388645.62,1.0,10000.0,27,3,Ban đêm
629,20,20,0,27300034.54,27300034.54,1.0,10000.0,27,4,Ban đêm
630,150,4,0,33632566.49,1491480.6400000001,0.02666666666666667,266.6666666666667,27,5,Ban đêm
631,12,12,0,34322908.44,34322908.44,1.0,10000.0,27,6,Ban ngày
632,8,8,0,2045006.0000000002,2045006.0000000002,1.0,10000.0,27,7,Ban ngày
633,8,8,0,9469682.56,9469682.56,1.0,10000.0,27,8,Ban ngày
634,10,10,0,19967336.099999998,19967336.099999998,1.0,10000.0,27,9,Ban ngày
635,16,16,0,9757174.24,9757174.24,1.0,10000.0,27,10,Ban ngày
636,12,12,0,6594877.6,6594877.6,1.0,10000.0,27,11,Ban ngày
637,3390,12,0,595977588.59,9507786.54,0.0035398230088495575,35.39823008849557,27,12,Ban ngày
638,14,14,0,30445090.82,30445090.82,1.0,10000.0,27,13,Ban ngày
639,14,14,0,3833999.26,3833999.26,1.0,10000.0,27,14,Ban ngày
640,1398,14,0,235460464.64,6737019.04,0.010014306151645207,100.14306151645208,27,15,Ban ngày
641,10,10,0,11484847.26,11484847.26,1.0,10000.0,27,16,Ban ngày
642,1141,8,0,153551791.7,1667334.82,0.007011393514460999,70.11393514461,27,17,Ban ngày
643,14,14,0,15829698.559999999,15829698.559999999,1.0,10000.0,27,18,Ban ngày
644,2267,10,0,331214212.58,11759994.319999998,0.004411116012351125,44.11116012351125,27,19,Ban ngày
645,10,10,0,24279751.58,24279751.58,1.0,10000.0,27,20,Ban ngày
646,20,20,2,124559607.03999999,124559607.03999999,1.0,10000.0,27,21,Ban ngày
647,10,10,0,9725016.58,9725016.58,1.0,10000.0,27,22,Ban đêm
648,14,14,0,7556887.52,7556887.52,1.0,10000.0,27,23,Ban đêm
649,263,10,0,37659787.22,4110791.56,0.03802281368821293,380.22813688212926,28,0,Ban đêm
650,16,16,0,15453019.1,15453019.1,1.0,10000.0,28,1,Ban đêm
651,10,10,0,27449340.32,27449340.32,1.0,10000.0,28,2,Ban đêm
652,14,14,0,13800111.76,13800111.76,1.0,10000.0,28,3,Ban đêm
653,8,8,0,3335889.22,3335889.22,1.0,10000.0,28,4,Ban đêm
654,8,8,0,4244319.9,4244319.9,1.0,10000.0,28,5,Ban đêm
655,4,4,0,598814.78,598814.78,1.0,10000.0,28,6,Ban ngày
656,1965,16,0,259853656.6,22516135.040000003,0.008142493638676845,81.42493638676845,28,7,Ban ngày
657,10,10,0,12898473.72,12898473.72,1.0,10000.0,28,8,Ban ngày
658,14,14,0,22548885.34,22548885.34,1.0,10000.0,28,9,Ban ngày
659,2500,10,0,873676951.75,9368894.66,0.004,40.0,28,10,Ban ngày
660,12,12,0,1937697.7799999998,1937697.7799999998,1.0,10000.0,28,11,Ban ngày
661,4877,8,0,901440925.14,38924308.76,0.0016403526758253025,16.403526758253026,28,12,Ban ngày
662,2,2,0,2936608.7,2936608.7,1.0,10000.0,28,13,Ban ngày
663,10,10,0,3242072.3000000003,3242072.3000000003,1.0,10000.0,28,14,Ban ngày
664,1125,20,0,206521853.94,30433785.900000002,0.017777777777777778,177.77777777777777,28,15,Ban ngày
665,10,10,0,8904817.3,8904817.3,1.0,10000.0,28,16,Ban ngày
666,6,6,0,1527287.1,1527287.1,1.0,10000.0,28,17,Ban ngày
667,1400,6,0,179970457.4,1324697.48,0.004285714285714286,42.85714285714286,28,18,Ban ngày
668,8,8,0,26890502.8,26890502.8,1.0,10000.0,28,19,Ban ngày
669,322,8,0,58813878.19,11327634.739999998,0.024844720496894408,248.44720496894408,28,20,Ban ngày
670,1906,12,0,237652009.99,34158962.26,0.0062959076600209865,62.95907660020987,28,21,Ban ngày
671,18,18,1,64327964.699999996,64327964.699999996,1.0,10000.0,28,22,Ban đêm
672,153,8,0,41032712.71,15611011.139999999,0.05228758169934641,522.875816993464,28,23,Ban đêm
673,445,12,0,46009039.61,5958122.48,0.02696629213483146,269.6629213483146,29,0,Ban đêm
674,14,14,0,42027958.24,42027958.24,1.0,10000.0,29,1,Ban đêm
675,30,10,0,42253301.82,29715681.8,0.3333333333333333,3333.333333333333,29,2,Ban đêm
676,8,8,0,18117891.12,18117891.12,1.0,10000.0,29,3,Ban đêm
677,8,8,0,44065100.36,44065100.36,1.0,10000.0,29,4,Ban đêm
678,6,6,0,4961854.359999999,4961854.359999999,1.0,10000.0,29,5,Ban đêm
679,72,6,0,25048646.98,7504192.9799999995,0.08333333333333333,833.3333333333333,29,6,Ban ngày
680,22,22,0,60114590.72,60114590.72,1.0,10000.0,29,7,Ban ngày
681,4703,4,0,910235264.29,17824048.08,0.0008505209440782479,8.50520944078248,29,8,Ban ngày
682,6,6,0,877562.34,877562.34,1.0,10000.0,29,9,Ban ngày
683,2192,8,0,459245005.17,13494524.16,0.0036496350364963502,36.496350364963504,29,10,Ban ngày
684,4562,8,0,1484350041.8,4271677.18,0.0017536168347216134,17.536168347216133,29,11,Ban ngày
685,14,14,0,47544533.98,47544533.98,1.0,10000.0,29,12,Ban ngày
686,4689,16,0,831815555.85,12183321.54,0.0034122414160801876,34.122414160801874,29,13,Ban ngày
687,8040,8,0,1366713387.51,7870410.66,0.0009950248756218905,9.950248756218905,29,14,Ban ngày
688,7885,8,0,1187365885.55,19650763.22,0.001014584654407102,10.145846544071022,29,15,Ban ngày
689,14,14,0,20273406.88,20273406.88,1.0,10000.0,29,16,Ban ngày
690,4972,12,0,702292231.94,17904169.16,0.002413515687851971,24.13515687851971,29,17,Ban ngày
691,4809,12,0,614821524.29,5675583.38,0.002495321272613849,24.95321272613849,29,18,Ban ngày
692,6898,20,0,833578997.72,43658775.68,0.0028993911278631487,28.993911278631487,29,19,Ban ngày
693,4,4,0,2965073.02,2965073.02,1.0,10000.0,29,20,Ban ngày
694,2664,24,0,327597102.24,51919140.74,0.009009009009009009,90.09009009009009,29,21,Ban ngày
695,2827,10,0,282980385.48,20986281.78,0.003537318712415989,35.37318712415989,29,22,Ban đêm
696,6,6,0,2382110.8,2382110.8,1.0,10000.0,29,23,Ban đêm
697,12,12,0,7788654.279999999,7788654.279999999,1.0,10000.0,30,0,Ban đêm
698,65,16,0,70036302.89,56491532.6,0.24615384615384617,2461.538461538462,30,1,Ban đêm
699,55,16,0,16390227.15,7750987.76,0.2909090909090909,2909.090909090909,30,2,Ban đêm
700,6,6,0,2189920.66,2189920.66,1.0,10000.0,30,3,Ban đêm
701,18,18,0,25820556.98,25820556.98,1.0,10000.0,30,4,Ban đêm
702,14,14,1,65416667.71,65416667.71,1.0,10000.0,30,5,Ban đêm
703,8,8,0,14723066.040000001,14723066.040000001,1.0,10000.0,30,6,Ban ngày
704,16,16,0,31025756.86,31025756.86,1.0,10000.0,30,7,Ban ngày
705,2362,10,0,361371329.1,3831216.36,0.004233700254022015,42.337002540220155,30,8,Ban ngày
706,4,4,0,2401102.9,2401102.9,1.0,10000.0,30,9,Ban ngày
707,309,10,0,59112032.05,11255965.28,0.032362459546925564,323.6245954692556,30,10,Ban ngày
708,4,4,0,6459344.859999999,6459344.859999999,1.0,10000.0,30,11,Ban ngày
709,2313,8,0,360113385.39,821004.8400000001,0.0034587116299178555,34.587116299178554,30,12,Ban ngày
710,1788,14,0,378576308.51,77692669.17999999,0.007829977628635347,78.29977628635346,30,13,Ban ngày
711,8,8,0,14371325.16,14371325.16,1.0,10000.0,30,14,Ban ngày
712,23,12,0,5062673.81,2487608.48,0.5217391304347826,5217.391304347826,30,15,Ban ngày
713,8,8,0,14119525.3,14119525.3,1.0,10000.0,30,16,Ban ngày
714,681,14,0,124975261.94,24465919.72,0.020558002936857563,205.58002936857562,30,17,Ban ngày
715,1879,10,0,246325271.49,21992220.66,0.005321979776476849,53.219797764768494,30,18,Ban ngày
716,140,8,0,32909274.65,19401657.12,0.05714285714285714,571.4285714285714,30,19,Ban ngày
717,632,12,0,57639917.81,21615605.96,0.0189873417721519,189.873417721519,30,20,Ban ngày
718,918,16,0,78195898.53,44003618.699999996,0.017429193899782137,174.29193899782138,30,21,Ban ngày
719,14,14,0,19259355.64,19259355.64,1.0,10000.0,30,22,Ban đêm
720,10,10,0,1617246.4599999997,1617246.4599999997,1.0,10000.0,30,23,Ban đêm
721,4,4,0,189712.36,189712.36,1.0,10000.0,31,0,Ban đêm
722,10,10,0,9511315.58,9511315.58,1.0,10000.0,31,1,Ban đêm
723,14,14,0,20923093.02,20923093.02,1.0,10000.0,31,2,Ban đêm
724,14,14,0,6120113.76,6120113.76,1.0,10000.0,31,3,Ban đêm
725,4,4,0,1993163.7,1993163.7,1.0,10000.0,31,4,Ban đêm
726,22,22,0,20213984.4,20213984.4,1.0,10000.0,31,5,Ban đêm
727,12,12,0,15852217.1,15852217.1,1.0,10000.0,31,6,Ban ngày
728,10,10,0,21656065.24,21656065.24,1.0,10000.0,31,7,Ban ngày
729,4,4,0,2385956.5799999996,2385956.5799999996,1.0,10000.0,31,8,Ban ngày
730,28,28,2,115003435.05,115003435.05,1.0,10000.0,31,9,Ban ngày
731,16,16,0,3880955.34,3880955.34,1.0,10000.0,31,10,Ban ngày
732,10,10,0,4391950.92,4391950.92,1.0,10000.0,31,11,Ban ngày
733,10,10,0,6113203.279999999,6113203.279999999,1.0,10000.0,31,12,Ban ngày
734,8,8,0,27827406.36,27827406.36,1.0,10000.0,31,13,Ban ngày
735,12,12,0,3155523.32,3155523.32,1.0,10000.0,31,14,Ban ngày
736,14,14,0,32530967.34,32530967.34,1.0,10000.0,31,15,Ban ngày
737,10,10,0,9560119.88,9560119.88,1.0,10000.0,31,16,Ban ngày
738,10,10,0,2883702.98,2883702.98,1.0,10000.0,31,17,Ban ngày
739,10,10,0,16587831.36,16587831.36,1.0,10000.0,31,18,Ban ngày
740,6,6,0,7632963.58,7632963.58,1.0,10000.0,31,19,Ban ngày
741,22,22,1,87828992.99,87828992.99,1.0,10000.0,31,20,Ban ngày
742,14,14,0,14323735.200000001,14323735.200000001,1.0,10000.0,31,21,Ban ngày
743,8,8,0,17519825.5,17519825.5,1.0,10000.0,31,22,Ban đêm
